Workbook

Sheet Matriz de Treinamentos
A1: MATRIZ DE TREINAMENTOS POR FUNÇÃO
A2: Selecione o status em cada cruzamento Função × Treinamento: Aplica · Não Aplica · Onboarding. A cor é aplicada automaticamente.
A4: Função | B4: NR 10 Segurança em Instalações Elétricas | C4: NR 22 - Segurança e Saúde Ocupacional na Mineração | D4: NR 24 - Condições Sanitárias e de Conformto nos Locais de Trabalho | E4: NR 35 Trabalho em Altura | F4: RAC 01 - Trabalho em Altura | G4: RAC 02 - Veículos Automotores | H4: RAC 04 - Bloqueio e Etiquetagem | I4: RAC 07 Proteção de Máquinas | J4: RAC 10 Trabalho em Eletricidade | K4: PRO 040866 - Procedimento Unificado Vale Brasil para Trabalho em Altura | L4: PRO-039864 – Plano de trânsito Unificado Vale Brasil para Condução de veículo | M4: PRO-040169 – Procedimento Unificado Vale Brasil para Equipamentos Móveis | N4: PRO-040948 – Procedimento Unificado Vale Brasil para Bloqueio | O4: PRO-041860 – Procedimento Unificado para proteção de máquinas | P4: PRO-030499 – Atividades no Terreno | Q4: PRO-041951 – Procedimento integrado para trabalhos em eletricidade | R4: PRO-049629 – Procedimento unificado de trabalho a quente | S4: PNR 000031: Diretrizes para Permissão de Trabalho Seguro | T4: PNR -000067 Gerenciamento de SSMA para Contratadas | U4: PNR-000068 Diretrizes para Análise de Risco da Tarefa | V4: PNR-000069 Requisito de tividades Críticas | W4: PNR-000070 - Gerenciamento de eventos de SSMAC | X4: PGS-007245 Diretrizes para Monitoramento de Fadiga e Telemetria Veicular | Y4: PNR-000257 Diretrizes para Programas de Prevenção de Fadiga | Z4: PGS-005227 Requisitos Gerais para Uso Seguro de Ferramentas Portáteis Rotativas | AA4: PRO-022144 Guia para Segregação, Armazenamento e Destinação de Resíduos Sólidos | AB4: PNR 000047 - Integridade Estrutural - Geral | AC4: PNR 000048 - Integridade Estrutural - Estruturas de Concreto | AD4: Anti Corrupção | AE4: Cuidados Digitais | AF4: Direitos Humanos | AG4: Gestão Global de Riscos | AH4: VPS- Modelo de Gestão Vale | AI4: Combate ao Assédio Sexual | AJ4: Ética e Compliance | BE4: Aplica | BF4: Não Aplica | BG4: Onboarding | BH4: % Aderência
A5: Analista Administrativo | B5: Não Aplica | C5: Onboarding | D5: Não Aplica | E5: Não Aplica | F5: Não Aplica | G5: Aplica | H5: Não Aplica | I5: Não Aplica | J5: Não Aplica | K5: Aplica | L5: Aplica | M5: Não Aplica | N5: Aplica | O5: Aplica | P5: Aplica | Q5: Aplica | R5: Aplica | S5: Aplica | T5: Aplica | U5: Aplica | V5: Aplica | W5: Aplica | X5: Aplica | Y5: Aplica | Z5: Aplica | AA5: Aplica | AB5: Não Aplica | AC5: Não Aplica | AD5: Aplica | AE5: Aplica | AF5: Aplica | AG5: Aplica | AH5: Aplica | AI5: Aplica | AJ5: Aplica | BE5: =COUNTIF(B5:BD5,"Aplica") -> 24 | BF5: =COUNTIF(B5:BD5,"Não Aplica") -> 10 | BG5: =COUNTIF(B5:BD5,"Onboarding") -> 1 | BH5: =IFERROR((BE5+BG5)/COUNTA(B$4:BD$4),0) -> 0.71428571
A6: Assistente Tec Meio Ambiente | B6: Não Aplica | C6: Onboarding | D6: Não Aplica | E6: Não Aplica | F6: Não Aplica | G6: Aplica | H6: Não Aplica | I6: Não Aplica | J6: Não Aplica | K6: Aplica | L6: Aplica | M6: Não Aplica | N6: Aplica | O6: Aplica | P6: Aplica | Q6: Aplica | R6: Aplica | S6: Aplica | T6: Aplica | U6: Aplica | V6: Aplica | W6: Aplica | X6: Aplica | Y6: Aplica | Z6: Aplica | AA6: Aplica | AB6: Não Aplica | AC6: Não Aplica | AD6: Aplica | AE6: Aplica | AF6: Aplica | AG6: Aplica | AH6: Aplica | AI6: Aplica | AJ6: Aplica
A7: Assistente de Serviços | B7: Não Aplica | C7: Onboarding | D7: Não Aplica | E7: Não Aplica | F7: Não Aplica | G7: Aplica | H7: Não Aplica | I7: Não Aplica | J7: Não Aplica | K7: Aplica | L7: Aplica | M7: Não Aplica | N7: Aplica | O7: Aplica | P7: Aplica | Q7: Aplica | R7: Aplica | S7: Aplica | T7: Aplica | U7: Aplica | V7: Aplica | W7: Aplica | X7: Aplica | Y7: Aplica | Z7: Aplica | AA7: Aplica | AB7: Não Aplica | AC7: Não Aplica | AD7: Aplica | AE7: Aplica | AF7: Aplica | AG7: Aplica | AH7: Aplica | AI7: Aplica | AJ7: Aplica
A8: Assistente Administrativo | B8: Não Aplica | C8: Onboarding | D8: Não Aplica | E8: Não Aplica | F8: Não Aplica | G8: Aplica | H8: Não Aplica | I8: Não Aplica | J8: Não Aplica | K8: Aplica | L8: Aplica | M8: Não Aplica | N8: Aplica | O8: Aplica | P8: Aplica | Q8: Aplica | R8: Aplica | S8: Aplica | T8: Aplica | U8: Aplica | V8: Aplica | W8: Aplica | X8: Aplica | Y8: Aplica | Z8: Aplica | AA8: Aplica | AB8: Não Aplica | AC8: Não Aplica | AD8: Aplica | AE8: Aplica | AF8: Aplica | AG8: Aplica | AH8: Aplica | AI8: Aplica | AJ8: Aplica | BE8: =COUNTIF(B8:BD8,"Aplica") -> 24 | BF8: =COUNTIF(B8:BD8,"Não Aplica") -> 10 | BG8: =COUNTIF(B8:BD8,"Onboarding") -> 1 | BH8: =IFERROR((BE8+BG8)/COUNTA(B$4:BD$4),0) -> 0.71428571
A9: Analista Operacional | B9: Não Aplica | C9: Onboarding | D9: Não Aplica | E9: Não Aplica | F9: Não Aplica | G9: Aplica | H9: Não Aplica | I9: Não Aplica | J9: Não Aplica | K9: Aplica | L9: Aplica | M9: Não Aplica | N9: Aplica | O9: Aplica | P9: Aplica | Q9: Aplica | R9: Aplica | S9: Aplica | T9: Aplica | U9: Aplica | V9: Aplica | W9: Aplica | X9: Aplica | Y9: Aplica | Z9: Aplica | AA9: Aplica | AB9: Não Aplica | AC9: Não Aplica | AD9: Aplica | AE9: Aplica | AF9: Aplica | AG9: Aplica | AH9: Aplica | AI9: Aplica | AJ9: Aplica | BE9: =COUNTIF(B9:BD9,"Aplica") -> 24 | BF9: =COUNTIF(B9:BD9,"Não Aplica") -> 10 | BG9: =COUNTIF(B9:BD9,"Onboarding") -> 1 | BH9: =IFERROR((BE9+BG9)/COUNTA(B$4:BD$4),0) -> 0.71428571
A10: Engenheiro Civil | B10: Não Aplica | C10: Onboarding | D10: Onboarding | E10: Não Aplica | F10: Não Aplica | G10: Aplica | H10: Não Aplica | I10: Não Aplica | J10: Não Aplica | K10: Aplica | L10: Aplica | M10: Não Aplica | N10: Não Aplica | O10: Aplica | P10: Não Aplica | Q10: Aplica | R10: Não Aplica | S10: Aplica | T10: Aplica | U10: Aplica | V10: Aplica | W10: Aplica | X10: Aplica | Y10: Aplica | Z10: Aplica | AA10: Aplica | AB10: Aplica | AC10: Aplica | AD10: Aplica | AE10: Aplica | AF10: Aplica | AG10: Aplica | AH10: Aplica | AI10: Aplica | AJ10: Aplica
A11: Engenheiro Eletricista | B11: Aplica | C11: Onboarding | D11: Não Aplica | E11: Não Aplica | F11: Não Aplica | G11: Aplica | H11: Aplica | I11: Não Aplica | J11: Aplica | K11: Não Aplica | L11: Aplica | M11: Não Aplica | N11: Aplica | O11: Não Aplica | P11: Não Aplica | Q11: Aplica | R11: Não Aplica | S11: Aplica | T11: Não Aplica | U11: Aplica | V11: Aplica | W11: Aplica | X11: Aplica | Y11: Aplica | Z11: Não Aplica | AA11: Aplica | AB11: Não Aplica | AC11: Não Aplica | AD11: Aplica | AE11: Aplica | AF11: Aplica | AG11: Aplica | AH11: Aplica | AI11: Aplica | AJ11: Aplica
A12: Operador de Controles Ambientais | B12: Não Aplica | C12: Onboarding | D12: Não Aplica | E12: Não Aplica | F12: Não Aplica | G12: Aplica | H12: Aplica | I12: Não Aplica | J12: Não Aplica | K12: Não Aplica | L12: Aplica | M12: Não Aplica | N12: Aplica | O12: Aplica | P12: Não Aplica | Q12: Não Aplica | R12: Não Aplica | S12: Aplica | T12: Aplica | U12: Aplica | V12: Aplica | W12: Aplica | X12: Aplica | Y12: Aplica | Z12: Não Aplica | AA12: Aplica | AB12: Não Aplica | AC12: Não Aplica | AD12: Aplica | AE12: Aplica | AF12: Aplica | AG12: Aplica | AH12: Aplica | AI12: Aplica | AJ12: Aplica
A13: Técnico Planejamento | B13: Não Aplica | C13: Onboarding | D13: Não Aplica | E13: Não Aplica | F13: Não Aplica | G13: Aplica | H13: Aplica | I13: Não Aplica | J13: Não Aplica | K13: Não Aplica | L13: Aplica | M13: Não Aplica | N13: Aplica | O13: Aplica | P13: Não Aplica | Q13: Não Aplica | R13: Não Aplica | S13: Aplica | T13: Aplica | U13: Aplica | V13: Aplica | W13: Aplica | X13: Aplica | Y13: Aplica | Z13: Não Aplica | AA13: Aplica | AB13: Não Aplica | AC13: Não Aplica | AD13: Aplica | AE13: Aplica | AF13: Aplica | AG13: Aplica | AH13: Aplica | AI13: Aplica | AJ13: Aplica | BE13: =COUNTIF(B13:BD13,"Aplica") -> 20 | BF13: =COUNTIF(B13:BD13,"Não Aplica") -> 14 | BG13: =COUNTIF(B13:BD13,"Onboarding") -> 1 | BH13: =IFERROR((BE13+BG13)/COUNTA(B$4:BD$4),0) -> 0.6
A14: Técnico em Infraestrutura | B14: Não Aplica | C14: Onboarding | D14: Não Aplica | E14: Não Aplica | F14: Não Aplica | G14: Aplica | H14: Aplica | I14: Não Aplica | J14: Não Aplica | K14: Não Aplica | L14: Aplica | M14: Não Aplica | N14: Aplica | O14: Aplica | P14: Não Aplica | Q14: Não Aplica | R14: Não Aplica | S14: Aplica | T14: Aplica | U14: Aplica | V14: Aplica | W14: Aplica | X14: Aplica | Y14: Aplica | Z14: Não Aplica | AA14: Aplica | AB14: Não Aplica | AC14: Não Aplica | AD14: Aplica | AE14: Aplica | AF14: Aplica | AG14: Aplica | AH14: Aplica | AI14: Aplica | AJ14: Aplica | BE14: =COUNTIF(B14:BD14,"Aplica") -> 20 | BF14: =COUNTIF(B14:BD14,"Não Aplica") -> 14 | BG14: =COUNTIF(B14:BD14,"Onboarding") -> 1 | BH14: =IFERROR((BE14+BG14)/COUNTA(B$4:BD$4),0) -> 0.6
A15: Técnico em Manutenção | B15: Não Aplica | C15: Onboarding | D15: Não Aplica | E15: Não Aplica | F15: Não Aplica | G15: Aplica | H15: Aplica | I15: Não Aplica | J15: Não Aplica | K15: Não Aplica | L15: Aplica | M15: Não Aplica | N15: Aplica | O15: Aplica | P15: Não Aplica | Q15: Não Aplica | R15: Não Aplica | S15: Aplica | T15: Aplica | U15: Aplica | V15: Aplica | W15: Aplica | X15: Aplica | Y15: Aplica | Z15: Não Aplica | AA15: Aplica | AB15: Não Aplica | AC15: Não Aplica | AD15: Aplica | AE15: Aplica | AF15: Aplica | AG15: Aplica | AH15: Aplica | AI15: Aplica | AJ15: Aplica | BE15: =COUNTIF(B15:BD15,"Aplica") -> 20 | BF15: =COUNTIF(B15:BD15,"Não Aplica") -> 14 | BG15: =COUNTIF(B15:BD15,"Onboarding") -> 1 | BH15: =IFERROR((BE15+BG15)/COUNTA(B$4:BD$4),0) -> 0.6
A16: Técnico em Meio Ambiente | B16: Não Aplica | C16: Onboarding | D16: Não Aplica | E16: Não Aplica | F16: Não Aplica | G16: Aplica | H16: Aplica | I16: Não Aplica | J16: Não Aplica | K16: Não Aplica | L16: Aplica | M16: Não Aplica | N16: Aplica | O16: Aplica | P16: Não Aplica | Q16: Não Aplica | R16: Não Aplica | S16: Aplica | T16: Aplica | U16: Aplica | V16: Aplica | W16: Aplica | X16: Aplica | Y16: Aplica | Z16: Não Aplica | AA16: Aplica | AB16: Não Aplica | AC16: Não Aplica | AD16: Aplica | AE16: Aplica | AF16: Aplica | AG16: Aplica | AH16: Aplica | AI16: Aplica | AJ16: Aplica
A17: Técnico Eletromecânico | B17: Não Aplica | C17: Onboarding | D17: Não Aplica | E17: Não Aplica | F17: Não Aplica | G17: Aplica | H17: Aplica | I17: Não Aplica | J17: Não Aplica | K17: Não Aplica | L17: Aplica | M17: Não Aplica | N17: Aplica | O17: Aplica | P17: Não Aplica | Q17: Aplica | R17: Não Aplica | S17: Aplica | T17: Aplica | U17: Aplica | V17: Aplica | W17: Aplica | X17: Aplica | Y17: Aplica | Z17: Não Aplica | AA17: Aplica | AB17: Não Aplica | AC17: Não Aplica | AD17: Aplica | AE17: Aplica | AF17: Aplica | AG17: Aplica | AH17: Aplica | AI17: Aplica | AJ17: Aplica | BE17: =COUNTIF(B17:BD17,"Aplica") -> 21 | BF17: =COUNTIF(B17:BD17,"Não Aplica") -> 13 | BG17: =COUNTIF(B17:BD17,"Onboarding") -> 1 | BH17: =IFERROR((BE17+BG17)/COUNTA(B$4:BD$4),0) -> 0.62857143
A18: TOTAL DE FUNÇÕES COM 'APLICA' | B18: =COUNTIF(B5:B17,"Aplica") -> 1 | C18: =COUNTIF(C5:C17,"Aplica") -> 0 | D18: =COUNTIF(D5:D17,"Aplica") -> 0 | E18: =COUNTIF(E5:E17,"Aplica") -> 0 | F18: =COUNTIF(F5:F17,"Aplica") -> 0 | G18: =COUNTIF(G5:G17,"Aplica") -> 13 | H18: =COUNTIF(H5:H17,"Aplica") -> 7 | I18: =COUNTIF(I5:I17,"Aplica") -> 0 | ... BG18: =COUNTIF(BG5:BG17,"Aplica") -> 0 | BH18: =IFERROR(AVERAGE(BH5:BH17),0) -> 0.65306122
A20: LEGENDA
A21: Aplica | B21: Treinamento obrigatório para a função.
A22: Não Aplica | B22: Treinamento não exigido para a função.
A23: Onboarding | B23: Realizado apenas na integração/admissão.
A25: COMO USAR
A26: 1. Substitua os títulos da linha 4 (colunas C em diante) pelos treinamentos da sua matriz — há 20 colunas disponíveis.
A27: 2. Clique em qualquer célula do cruzamento Função × Treinamento e escolha o status na lista suspensa.
A28: 3. A cor da célula é aplicada automaticamente por formatação condicional.
A29: 4. As colunas de resumo e a linha de totais são calculadas por fórmula — não digite sobre elas.
A30: 5. Use o filtro da linha 4 para isolar áreas ou funções; a aba 'Resumo' consolida os números por treinamento.

Sheet Listas
A1: Status | C1: Aba auxiliar da lista suspensa. Para incluir um novo status, adicione abaixo e amplie o intervalo da validação.
A2: Aplica
A3: Não Aplica
A4: Onboarding

Sheet Resumo
A1: RESUMO POR TREINAMENTO
A3: Treinamento | B3: Aplica | C3: Não Aplica | D3: Onboarding | E3: % Funções que Aplicam
A4: ='Matriz de Treinamentos'!B$4 -> NR 10 Segurança em Instalações Elétricas | B4: =COUNTIF('Matriz de Treinamentos'!B$5:B$17,"Aplica") -> 1 | C4: =COUNTIF('Matriz de Treinamentos'!B$5:B$17,"Não Aplica") -> 12 | D4: =COUNTIF('Matriz de Treinamentos'!B$5:B$17,"Onboarding") -> 0 | E4: =IFERROR((B4+D4)/9,0) -> 0.11111111
A5: ='Matriz de Treinamentos'!E$4 -> NR 35 Trabalho em Altura | B5: =COUNTIF('Matriz de Treinamentos'!E$5:E$17,"Aplica") -> 0 | C5: =COUNTIF('Matriz de Treinamentos'!E$5:E$17,"Não Aplica") -> 13 | D5: =COUNTIF('Matriz de Treinamentos'!E$5:E$17,"Onboarding") -> 0 | E5: =IFERROR((B5+D5)/9,0) -> 0
A6: ='Matriz de Treinamentos'!F$4 -> RAC 01 - Trabalho em Altura | B6: =COUNTIF('Matriz de Treinamentos'!F$5:F$17,"Aplica") -> 0 | C6: =COUNTIF('Matriz de Treinamentos'!F$5:F$17,"Não Aplica") -> 13 | D6: =COUNTIF('Matriz de Treinamentos'!F$5:F$17,"Onboarding") -> 0 | E6: =IFERROR((B6+D6)/9,0) -> 0
A7: ='Matriz de Treinamentos'!H$4 -> RAC 04 - Bloqueio e Etiquetagem | B7: =COUNTIF('Matriz de Treinamentos'!H$5:H$17,"Aplica") -> 7 | C7: =COUNTIF('Matriz de Treinamentos'!H$5:H$17,"Não Aplica") -> 6 | D7: =COUNTIF('Matriz de Treinamentos'!H$5:H$17,"Onboarding") -> 0 | E7: =IFERROR((B7+D7)/9,0) -> 0.77777778
A8: ='Matriz de Treinamentos'!I$4 -> RAC 07 Proteção de Máquinas | B8: =COUNTIF('Matriz de Treinamentos'!I$5:I$17,"Aplica") -> 0 | C8: =COUNTIF('Matriz de Treinamentos'!I$5:I$17,"Não Aplica") -> 13 | D8: =COUNTIF('Matriz de Treinamentos'!I$5:I$17,"Onboarding") -> 0 | E8: =IFERROR((B8+D8)/9,0) -> 0
A9: ='Matriz de Treinamentos'!J$4 -> RAC 10 Trabalho em Eletricidade | B9: =COUNTIF('Matriz de Treinamentos'!J$5:J$17,"Aplica") -> 1 | C9: =COUNTIF('Matriz de Treinamentos'!J$5:J$17,"Não Aplica") -> 12 | D9: =COUNTIF('Matriz de Treinamentos'!J$5:J$17,"Onboarding") -> 0 | E9: =IFERROR((B9+D9)/9,0) -> 0.11111111
A10: ='Matriz de Treinamentos'!K$4 -> PRO 040866 - Procedimento Unificado Vale Brasil para Trabalho em Altura | B10: =COUNTIF('Matriz de Treinamentos'!K$5:K$17,"Aplica") -> 6 | C10: =COUNTIF('Matriz de Treinamentos'!K$5:K$17,"Não Aplica") -> 7 | D10: =COUNTIF('Matriz de Treinamentos'!K$5:K$17,"Onboarding") -> 0 | E10: =IFERROR((B10+D10)/9,0) -> 0.66666667
A11: ='Matriz de Treinamentos'!L$4 -> PRO-039864 – Plano de trânsito Unificado Vale Brasil para Condução de veículo | B11: =COUNTIF('Matriz de Treinamentos'!L$5:L$17,"Aplica") -> 13 | C11: =COUNTIF('Matriz de Treinamentos'!L$5:L$17,"Não Aplica") -> 0 | D11: =COUNTIF('Matriz de Treinamentos'!L$5:L$17,"Onboarding") -> 0 | E11: =IFERROR((B11+D11)/9,0) -> 1.4444444
A12: ='Matriz de Treinamentos'!M$4 -> PRO-040169 – Procedimento Unificado Vale Brasil para Equipamentos Móveis | B12: =COUNTIF('Matriz de Treinamentos'!M$5:M$17,"Aplica") -> 0 | C12: =COUNTIF('Matriz de Treinamentos'!M$5:M$17,"Não Aplica") -> 13 | D12: =COUNTIF('Matriz de Treinamentos'!M$5:M$17,"Onboarding") -> 0 | E12: =IFERROR((B12+D12)/9,0) -> 0
A13: ='Matriz de Treinamentos'!N$4 -> PRO-040948 – Procedimento Unificado Vale Brasil para Bloqueio | B13: =COUNTIF('Matriz de Treinamentos'!N$5:N$17,"Aplica") -> 12 | C13: =COUNTIF('Matriz de Treinamentos'!N$5:N$17,"Não Aplica") -> 1 | D13: =COUNTIF('Matriz de Treinamentos'!N$5:N$17,"Onboarding") -> 0 | E13: =IFERROR((B13+D13)/9,0) -> 1.3333333
A14: ='Matriz de Treinamentos'!O$4 -> PRO-041860 – Procedimento Unificado para proteção de máquinas | B14: =COUNTIF('Matriz de Treinamentos'!O$5:O$17,"Aplica") -> 12 | C14: =COUNTIF('Matriz de Treinamentos'!O$5:O$17,"Não Aplica") -> 1 | D14: =COUNTIF('Matriz de Treinamentos'!O$5:O$17,"Onboarding") -> 0 | E14: =IFERROR((B14+D14)/9,0) -> 1.3333333
A15: ='Matriz de Treinamentos'!P$4 -> PRO-030499 – Atividades no Terreno | B15: =COUNTIF('Matriz de Treinamentos'!P$5:P$17,"Aplica") -> 5 | C15: =COUNTIF('Matriz de Treinamentos'!P$5:P$17,"Não Aplica") -> 8 | D15: =COUNTIF('Matriz de Treinamentos'!P$5:P$17,"Onboarding") -> 0 | E15: =IFERROR((B15+D15)/9,0) -> 0.55555556
A16: ='Matriz de Treinamentos'!Q$4 -> PRO-041951 – Procedimento integrado para trabalhos em eletricidade | B16: =COUNTIF('Matriz de Treinamentos'!Q$5:Q$17,"Aplica") -> 8 | C16: =COUNTIF('Matriz de Treinamentos'!Q$5:Q$17,"Não Aplica") -> 5 | D16: =COUNTIF('Matriz de Treinamentos'!Q$5:Q$17,"Onboarding") -> 0 | E16: =IFERROR((B16+D16)/9,0) -> 0.88888889
A17: ='Matriz de Treinamentos'!R$4 -> PRO-049629 – Procedimento unificado de trabalho a quente | B17: =COUNTIF('Matriz de Treinamentos'!R$5:R$17,"Aplica") -> 5 | C17: =COUNTIF('Matriz de Treinamentos'!R$5:R$17,"Não Aplica") -> 8 | D17: =COUNTIF('Matriz de Treinamentos'!R$5:R$17,"Onboarding") -> 0 | E17: =IFERROR((B17+D17)/9,0) -> 0.55555556
A18: ='Matriz de Treinamentos'!S$4 -> PNR 000031: Diretrizes para Permissão de Trabalho Seguro | B18: =COUNTIF('Matriz de Treinamentos'!S$5:S$17,"Aplica") -> 13 | C18: =COUNTIF('Matriz de Treinamentos'!S$5:S$17,"Não Aplica") -> 0 | D18: =COUNTIF('Matriz de Treinamentos'!S$5:S$17,"Onboarding") -> 0 | E18: =IFERROR((B18+D18)/9,0) -> 1.4444444
A19: ='Matriz de Treinamentos'!T$4 -> PNR -000067 Gerenciamento de SSMA para Contratadas | B19: =COUNTIF('Matriz de Treinamentos'!T$5:T$17,"Aplica") -> 12 | C19: =COUNTIF('Matriz de Treinamentos'!T$5:T$17,"Não Aplica") -> 1 | D19: =COUNTIF('Matriz de Treinamentos'!T$5:T$17,"Onboarding") -> 0 | E19: =IFERROR((B19+D19)/9,0) -> 1.3333333
A20: ='Matriz de Treinamentos'!U$4 -> PNR-000068 Diretrizes para Análise de Risco da Tarefa | B20: =COUNTIF('Matriz de Treinamentos'!U$5:U$17,"Aplica") -> 13 | C20: =COUNTIF('Matriz de Treinamentos'!U$5:U$17,"Não Aplica") -> 0 | D20: =COUNTIF('Matriz de Treinamentos'!U$5:U$17,"Onboarding") -> 0 | E20: =IFERROR((B20+D20)/9,0) -> 1.4444444
A21: ='Matriz de Treinamentos'!V$4 -> PNR-000069 Requisito de tividades Críticas | B21: =COUNTIF('Matriz de Treinamentos'!V$5:V$17,"Aplica") -> 13 | C21: =COUNTIF('Matriz de Treinamentos'!V$5:V$17,"Não Aplica") -> 0 | D21: =COUNTIF('Matriz de Treinamentos'!V$5:V$17,"Onboarding") -> 0 | E21: =IFERROR((B21+D21)/9,0) -> 1.4444444
A22: ='Matriz de Treinamentos'!W$4 -> PNR-000070 - Gerenciamento de eventos de SSMAC | B22: =COUNTIF('Matriz de Treinamentos'!W$5:W$17,"Aplica") -> 13 | C22: =COUNTIF('Matriz de Treinamentos'!W$5:W$17,"Não Aplica") -> 0 | D22: =COUNTIF('Matriz de Treinamentos'!W$5:W$17,"Onboarding") -> 0 | E22: =IFERROR((B22+D22)/9,0) -> 1.4444444
A23: ='Matriz de Treinamentos'!BD$4 -> 0 | B23: =COUNTIF('Matriz de Treinamentos'!BD$5:BD$17,"Aplica") -> 0 | C23: =COUNTIF('Matriz de Treinamentos'!BD$5:BD$17,"Não Aplica") -> 0 | D23: =COUNTIF('Matriz de Treinamentos'!BD$5:BD$17,"Onboarding") -> 0 | E23: =IFERROR((B23+D23)/9,0) -> 0
A24: TOTAL | B24: =SUM(B4:B23) -> 134 | C24: =SUM(C4:C23) -> 113 | D24: =SUM(D4:D23) -> 0 | E24: =IFERROR(AVERAGE(E4:E23),0) -> 0.74444444
A26: Todos os valores desta aba são calculados a partir da aba 'Matriz de Treinamentos'. Não digite sobre as fórmulas.
